{
  "best_global_step": null,
  "best_metric": null,
  "best_model_checkpoint": null,
  "epoch": 0.7619047619047619,
  "eval_steps": 100,
  "global_step": 100,
  "is_hyper_param_search": false,
  "is_local_process_zero": true,
  "is_world_process_zero": true,
  "log_history": [
    {
      "entropy": 0.6163581272820011,
      "epoch": 0.0761904761904762,
      "grad_norm": 5.09375,
      "learning_rate": 4.659090909090909e-05,
      "logits/chosen": 0.7180534396568934,
      "logits/rejected": 0.4998816384375095,
      "logps/chosen": -12.833675599098205,
      "logps/rejected": -14.793765544891357,
      "loss": 0.5423881530761718,
      "mean_token_accuracy": 0.36885416992008685,
      "num_tokens": 29178.0,
      "rewards/accuracies": 0.8125,
      "rewards/chosen": -0.28488075331260915,
      "rewards/margins": 0.3785244609520305,
      "rewards/rejected": -0.6634052129418706,
      "step": 10
    },
    {
      "entropy": 0.3593490041093901,
      "epoch": 0.1523809523809524,
      "grad_norm": 0.70703125,
      "learning_rate": 4.2803030303030305e-05,
      "logits/chosen": 0.7783643386916568,
      "logits/rejected": -0.5710230407848333,
      "logps/chosen": -12.642417109012603,
      "logps/rejected": -30.85651969909668,
      "loss": 0.2245170831680298,
      "mean_token_accuracy": 0.46927083693444727,
      "num_tokens": 57722.0,
      "rewards/accuracies": 0.95625,
      "rewards/chosen": -0.2528902694073622,
      "rewards/margins": 1.9916182450950146,
      "rewards/rejected": -2.244508519768715,
      "step": 20
    },
    {
      "entropy": 0.5156868436035438,
      "epoch": 0.22857142857142856,
      "grad_norm": 0.0771484375,
      "learning_rate": 3.901515151515152e-05,
      "logits/chosen": 0.41404241948078074,
      "logits/rejected": -1.1769176185379426,
      "logps/chosen": -7.4593718409538265,
      "logps/rejected": -62.950084793567655,
      "loss": 0.011713091284036636,
      "mean_token_accuracy": 0.5623958375304937,
      "num_tokens": 86094.0,
      "rewards/accuracies": 0.99375,
      "rewards/chosen": 0.2632653829379706,
      "rewards/margins": 5.724754237383604,
      "rewards/rejected": -5.4614888548851015,
      "step": 30
    },
    {
      "entropy": 0.8457226156140678,
      "epoch": 0.3047619047619048,
      "grad_norm": 0.006866455078125,
      "learning_rate": 3.522727272727273e-05,
      "logits/chosen": 0.5481818212072055,
      "logits/rejected": -1.229016203644375,
      "logps/chosen": -3.6055334329605104,
      "logps/rejected": -81.60990557670593,
      "loss": 0.0014571651816368103,
      "mean_token_accuracy": 0.6458333380520344,
      "num_tokens": 117696.0,
      "rewards/accuracies": 1.0,
      "rewards/chosen": 0.631616649357602,
      "rewards/margins": 7.964356364309788,
      "rewards/rejected": -7.332739727199078,
      "step": 40
    },
    {
      "entropy": 0.7407230695476755,
      "epoch": 0.38095238095238093,
      "grad_norm": 0.01348876953125,
      "learning_rate": 3.143939393939394e-05,
      "logits/chosen": 0.4239153464635213,
      "logits/rejected": -1.6729901052763065,
      "logps/chosen": -4.63401209115982,
      "logps/rejected": -89.20462503433228,
      "loss": 0.0002737806411460042,
      "mean_token_accuracy": 0.6089583374559879,
      "num_tokens": 145978.0,
      "rewards/accuracies": 1.0,
      "rewards/chosen": 0.514580128272064,
      "rewards/margins": 8.591076534986495,
      "rewards/rejected": -8.076496377587318,
      "step": 50
    },
    {
      "entropy": 0.7966601930442266,
      "epoch": 0.45714285714285713,
      "grad_norm": 0.009033203125,
      "learning_rate": 2.7651515151515152e-05,
      "logits/chosen": 0.419116401274999,
      "logits/rejected": -1.8580072844028472,
      "logps/chosen": -3.984642541408539,
      "logps/rejected": -93.45571255683899,
      "loss": 0.00015892102383077144,
      "mean_token_accuracy": 0.6282291699200868,
      "num_tokens": 172685.0,
      "rewards/accuracies": 1.0,
      "rewards/chosen": 0.5996449430589564,
      "rewards/margins": 9.09221409857273,
      "rewards/rejected": -8.492569166421891,
      "step": 60
    },
    {
      "entropy": 0.8250150590174599,
      "epoch": 0.5333333333333333,
      "grad_norm": 0.003875732421875,
      "learning_rate": 2.3863636363636365e-05,
      "logits/chosen": 0.4014698834220568,
      "logits/rejected": -1.9661631152778862,
      "logps/chosen": -3.659154987335205,
      "logps/rejected": -96.43969602584839,
      "loss": 0.00010765014449134468,
      "mean_token_accuracy": 0.6408333361148835,
      "num_tokens": 200044.0,
      "rewards/accuracies": 1.0,
      "rewards/chosen": 0.6186298842541873,
      "rewards/margins": 9.427292960882188,
      "rewards/rejected": -8.808663120865821,
      "step": 70
    },
    {
      "entropy": 0.9357140419830102,
      "epoch": 0.6095238095238096,
      "grad_norm": 0.00341796875,
      "learning_rate": 2.0075757575757575e-05,
      "logits/chosen": 0.37631287788351375,
      "logits/rejected": -2.0431904070079328,
      "logps/chosen": -3.4645901322364807,
      "logps/rejected": -95.9251636505127,
      "loss": 0.00010980911320075392,
      "mean_token_accuracy": 0.6212500032037497,
      "num_tokens": 227620.0,
      "rewards/accuracies": 1.0,
      "rewards/chosen": 0.672804200835526,
      "rewards/margins": 9.436125040054321,
      "rewards/rejected": -8.763320836424828,
      "step": 80
    },
    {
      "entropy": 0.8635370914475061,
      "epoch": 0.6857142857142857,
      "grad_norm": 0.00360107421875,
      "learning_rate": 1.628787878787879e-05,
      "logits/chosen": 0.3282487401862939,
      "logits/rejected": -2.0144369308898846,
      "logps/chosen": -3.417050302028656,
      "logps/rejected": -96.8353623867035,
      "loss": 0.00010108910501003266,
      "mean_token_accuracy": 0.6492708373814822,
      "num_tokens": 256965.0,
      "rewards/accuracies": 1.0,
      "rewards/chosen": 0.6474731163587422,
      "rewards/margins": 9.493756267428399,
      "rewards/rejected": -8.84628317952156,
      "step": 90
    },
    {
      "entropy": 0.8955680874030805,
      "epoch": 0.7619047619047619,
      "grad_norm": 0.00732421875,
      "learning_rate": 1.25e-05,
      "logits/chosen": 0.34439964282015956,
      "logits/rejected": -2.0274931977192563,
      "logps/chosen": -3.7577865600585936,
      "logps/rejected": -97.05277314186097,
      "loss": 0.00010995282791554928,
      "mean_token_accuracy": 0.6147916696965694,
      "num_tokens": 285985.0,
      "rewards/accuracies": 1.0,
      "rewards/chosen": 0.5953950307157356,
      "rewards/margins": 9.477124452590942,
      "rewards/rejected": -8.881729450821876,
      "step": 100
    },
    {
      "epoch": 0.7619047619047619,
      "eval_entropy": 0.8759235180222562,
      "eval_logits/chosen": 0.3633923648652576,
      "eval_logits/rejected": -2.0402954228605545,
      "eval_logps/chosen": -3.59899906703404,
      "eval_logps/rejected": -97.42299318586078,
      "eval_loss": 9.511595271760598e-05,
      "eval_mean_token_accuracy": 0.6338095273290362,
      "eval_num_tokens": 285985.0,
      "eval_rewards/accuracies": 1.0,
      "eval_rewards/chosen": 0.6405021878544773,
      "eval_rewards/margins": 9.550276516505651,
      "eval_rewards/rejected": -8.909774323872158,
      "eval_runtime": 46.8413,
      "eval_samples_per_second": 7.472,
      "eval_steps_per_second": 7.472,
      "step": 100
    }
  ],
  "logging_steps": 10,
  "max_steps": 132,
  "num_input_tokens_seen": 0,
  "num_train_epochs": 1,
  "save_steps": 100,
  "stateful_callbacks": {
    "TrainerControl": {
      "args": {
        "should_epoch_stop": false,
        "should_evaluate": false,
        "should_log": false,
        "should_save": true,
        "should_training_stop": false
      },
      "attributes": {}
    }
  },
  "total_flos": 1.3000958819991552e+16,
  "train_batch_size": 1,
  "trial_name": null,
  "trial_params": null
}
