{
  "best_global_step": null,
  "best_metric": null,
  "best_model_checkpoint": null,
  "epoch": 1.0,
  "eval_steps": 100,
  "global_step": 132,
  "is_hyper_param_search": false,
  "is_local_process_zero": true,
  "is_world_process_zero": true,
  "log_history": [
    {
      "entropy": 0.46528057360555974,
      "epoch": 0.0761904761904762,
      "grad_norm": 3.09375,
      "learning_rate": 4.659090909090909e-05,
      "logits/chosen": 0.7645872715984782,
      "logits/rejected": 0.7854791091258326,
      "logps/chosen": -12.172494697570801,
      "logps/rejected": -17.552972757816313,
      "loss": 0.4733786106109619,
      "mean_token_accuracy": 0.3628125051036477,
      "num_tokens": 28473.0,
      "rewards/accuracies": 0.825,
      "rewards/chosen": -0.21066676879418084,
      "rewards/margins": 0.6945213928353041,
      "rewards/rejected": -0.9051881636027247,
      "step": 10
    },
    {
      "entropy": 0.6583102484670235,
      "epoch": 0.1523809523809524,
      "grad_norm": 0.1396484375,
      "learning_rate": 4.2803030303030305e-05,
      "logits/chosen": 0.6879437407789131,
      "logits/rejected": 0.546337092431883,
      "logps/chosen": -7.374275362491607,
      "logps/rejected": -45.71535797119141,
      "loss": 0.053359872102737425,
      "mean_token_accuracy": 0.4953125050291419,
      "num_tokens": 59109.0,
      "rewards/accuracies": 1.0,
      "rewards/chosen": 0.22512417152756825,
      "rewards/margins": 3.9704698573797943,
      "rewards/rejected": -3.7453456917777657,
      "step": 20
    },
    {
      "entropy": 0.9108792250277474,
      "epoch": 0.22857142857142856,
      "grad_norm": 0.0111083984375,
      "learning_rate": 3.901515151515152e-05,
      "logits/chosen": 0.23893865905081232,
      "logits/rejected": -0.7669081974960863,
      "logps/chosen": -3.30377801656723,
      "logps/rejected": -81.3128113746643,
      "loss": 0.0013711984269320966,
      "mean_token_accuracy": 0.6919791700318456,
      "num_tokens": 86551.0,
      "rewards/accuracies": 1.0,
      "rewards/chosen": 0.6995328252385662,
      "rewards/margins": 7.998338030278683,
      "rewards/rejected": -7.298805204033852,
      "step": 30
    },
    {
      "entropy": 0.8066074451839086,
      "epoch": 0.3047619047619048,
      "grad_norm": 0.002166748046875,
      "learning_rate": 3.522727272727273e-05,
      "logits/chosen": -0.4839976627224435,
      "logits/rejected": -2.055750093832612,
      "logps/chosen": -3.8610042691230775,
      "logps/rejected": -102.95357151031494,
      "loss": 6.585978553630412e-05,
      "mean_token_accuracy": 0.6284375041723251,
      "num_tokens": 114892.0,
      "rewards/accuracies": 1.0,
      "rewards/chosen": 0.6076936191384448,
      "rewards/margins": 10.048579853773116,
      "rewards/rejected": -9.440886247158051,
      "step": 40
    },
    {
      "entropy": 0.6058726869247039,
      "epoch": 0.38095238095238093,
      "grad_norm": 0.0015106201171875,
      "learning_rate": 3.143939393939394e-05,
      "logits/chosen": -0.7983784489830336,
      "logits/rejected": -2.415483305603266,
      "logps/chosen": -5.443868571519852,
      "logps/rejected": -106.89822692871094,
      "loss": 5.0078053027391435e-05,
      "mean_token_accuracy": 0.6197916716337204,
      "num_tokens": 144126.0,
      "rewards/accuracies": 1.0,
      "rewards/chosen": 0.4706371748528909,
      "rewards/margins": 10.326525086164475,
      "rewards/rejected": -9.85588788986206,
      "step": 50
    },
    {
      "entropy": 0.6961833213863429,
      "epoch": 0.45714285714285713,
      "grad_norm": 0.002197265625,
      "learning_rate": 2.7651515151515152e-05,
      "logits/chosen": -0.8514810403063894,
      "logits/rejected": -2.688361560652653,
      "logps/chosen": -4.617195928096772,
      "logps/rejected": -108.46584162712097,
      "loss": 3.797519020736218e-05,
      "mean_token_accuracy": 0.6170833360403776,
      "num_tokens": 171260.0,
      "rewards/accuracies": 1.0,
      "rewards/chosen": 0.546628198644612,
      "rewards/margins": 10.557406210899353,
      "rewards/rejected": -10.010778015851974,
      "step": 60
    },
    {
      "entropy": 0.6779934623511508,
      "epoch": 0.5333333333333333,
      "grad_norm": 0.0020751953125,
      "learning_rate": 2.3863636363636365e-05,
      "logits/chosen": -0.8015828632315,
      "logits/rejected": -2.5998805320759617,
      "logps/chosen": -4.679566252231598,
      "logps/rejected": -110.3476279258728,
      "loss": 3.303347621113062e-05,
      "mean_token_accuracy": 0.6160416707396508,
      "num_tokens": 200085.0,
      "rewards/accuracies": 1.0,
      "rewards/chosen": 0.5114385788794606,
      "rewards/margins": 10.738703656196595,
      "rewards/rejected": -10.227265113592148,
      "step": 70
    },
    {
      "entropy": 0.6281860048533418,
      "epoch": 0.6095238095238096,
      "grad_norm": 0.00152587890625,
      "learning_rate": 2.0075757575757575e-05,
      "logits/chosen": -0.8870606695488096,
      "logits/rejected": -2.628329501003027,
      "logps/chosen": -5.120125204324722,
      "logps/rejected": -109.84023251533509,
      "loss": 3.62872815458104e-05,
      "mean_token_accuracy": 0.6078125037252903,
      "num_tokens": 228827.0,
      "rewards/accuracies": 1.0,
      "rewards/chosen": 0.5066444450523704,
      "rewards/margins": 10.669440132379531,
      "rewards/rejected": -10.162795752286911,
      "step": 80
    },
    {
      "entropy": 0.6934774617664516,
      "epoch": 0.6857142857142857,
      "grad_norm": 0.0019073486328125,
      "learning_rate": 1.628787878787879e-05,
      "logits/chosen": -0.7983688269741833,
      "logits/rejected": -2.5995309166113536,
      "logps/chosen": -4.746780347824097,
      "logps/rejected": -111.13892960548401,
      "loss": 3.260803641751409e-05,
      "mean_token_accuracy": 0.610520837455988,
      "num_tokens": 257742.0,
      "rewards/accuracies": 1.0,
      "rewards/chosen": 0.4935039712814614,
      "rewards/margins": 10.78957307934761,
      "rewards/rejected": -10.296069091558456,
      "step": 90
    },
    {
      "entropy": 0.6943089303909801,
      "epoch": 0.7619047619047619,
      "grad_norm": 0.00250244140625,
      "learning_rate": 1.25e-05,
      "logits/chosen": -0.8269648568145931,
      "logits/rejected": -2.6993567899366218,
      "logps/chosen": -5.181736248731613,
      "logps/rejected": -109.6035984992981,
      "loss": 3.962066257372499e-05,
      "mean_token_accuracy": 0.598750003427267,
      "num_tokens": 285759.0,
      "rewards/accuracies": 1.0,
      "rewards/chosen": 0.48143338566296734,
      "rewards/margins": 10.603365796804429,
      "rewards/rejected": -10.121932423114776,
      "step": 100
    },
    {
      "epoch": 0.7619047619047619,
      "eval_entropy": 0.6659087132519926,
      "eval_logits/chosen": -0.8301030940725691,
      "eval_logits/rejected": -2.6476337682633173,
      "eval_logps/chosen": -4.933512224469866,
      "eval_logps/rejected": -110.46192731584821,
      "eval_loss": 4.0256709326058626e-05,
      "eval_mean_token_accuracy": 0.6209523849827903,
      "eval_num_tokens": 285759.0,
      "eval_rewards/accuracies": 1.0,
      "eval_rewards/chosen": 0.507050869533393,
      "eval_rewards/margins": 10.720718597684588,
      "eval_rewards/rejected": -10.2136677306039,
      "eval_runtime": 46.9322,
      "eval_samples_per_second": 7.458,
      "eval_steps_per_second": 7.458,
      "step": 100
    },
    {
      "entropy": 0.6831624038979498,
      "epoch": 0.8380952380952381,
      "grad_norm": 0.002716064453125,
      "learning_rate": 8.712121212121212e-06,
      "logits/chosen": -0.8131764487270265,
      "logits/rejected": -2.6400762028992175,
      "logps/chosen": -4.978441959619522,
      "logps/rejected": -110.08948040008545,
      "loss": 3.8371176924556496e-05,
      "mean_token_accuracy": 0.5943750038743019,
      "num_tokens": 314260.0,
      "rewards/accuracies": 1.0,
      "rewards/chosen": 0.4884374977067637,