{
  "best_global_step": null,
  "best_metric": null,
  "best_model_checkpoint": null,
  "epoch": 0.7619047619047619,
  "eval_steps": 100,
  "global_step": 100,
  "is_hyper_param_search": false,
  "is_local_process_zero": true,
  "is_world_process_zero": true,
  "log_history": [
    {
      "entropy": 0.5389761235564947,
      "epoch": 0.0761904761904762,
      "grad_norm": 2.984375,
      "learning_rate": 4.659090909090909e-05,
      "logits/chosen": 0.8599961439318333,
      "logits/rejected": 0.8080892791785299,
      "logps/chosen": -10.693211901187897,
      "logps/rejected": -15.320766937732696,
      "loss": 0.4709212303161621,
      "mean_token_accuracy": 0.37635417077690364,
      "num_tokens": 27694.0,
      "rewards/accuracies": 0.84375,
      "rewards/chosen": -0.05260220514319371,
      "rewards/margins": 0.6416353661334142,
      "rewards/rejected": -0.6942375737708062,
      "step": 10
    },
    {
      "entropy": 0.6281586695069563,
      "epoch": 0.1523809523809524,
      "grad_norm": 0.1845703125,
      "learning_rate": 4.2803030303030305e-05,
      "logits/chosen": 0.24417183083171645,
      "logits/rejected": 0.19359668904605012,
      "logps/chosen": -8.628237879276275,
      "logps/rejected": -54.11486937999725,
      "loss": 0.03960639238357544,
      "mean_token_accuracy": 0.5360416693612933,
      "num_tokens": 56661.0,
      "rewards/accuracies": 1.0,
      "rewards/chosen": 0.1163513379287906,
      "rewards/margins": 4.715641920268536,
      "rewards/rejected": -4.599290576577187,
      "step": 20
    },
    {
      "entropy": 0.6911575941188403,
      "epoch": 0.22857142857142856,
      "grad_norm": 0.004150390625,
      "learning_rate": 3.901515151515152e-05,
      "logits/chosen": -0.2605731179130574,
      "logits/rejected": -1.01972375733157,
      "logps/chosen": -5.763820695877075,
      "logps/rejected": -89.95312685966492,
      "loss": 0.0009697072207927703,
      "mean_token_accuracy": 0.6573958367109298,
      "num_tokens": 86540.0,
      "rewards/accuracies": 1.0,
      "rewards/chosen": 0.4242821123916656,
      "rewards/margins": 8.590766036510468,
      "rewards/rejected": -8.166483917832375,
      "step": 30
    },
    {
      "entropy": 0.6772563577111214,
      "epoch": 0.3047619047619048,
      "grad_norm": 0.0019683837890625,
      "learning_rate": 3.522727272727273e-05,
      "logits/chosen": -0.30176572540154056,
      "logits/rejected": -1.334640202348431,
      "logps/chosen": -3.759678053855896,
      "logps/rejected": -99.77176642417908,
      "loss": 8.299537003040314e-05,
      "mean_token_accuracy": 0.7537500038743019,
      "num_tokens": 116413.0,
      "rewards/accuracies": 1.0,
      "rewards/chosen": 0.5852689051826019,
      "rewards/margins": 9.749224996566772,
      "rewards/rejected": -9.163956114649773,
      "step": 40
    },
    {
      "entropy": 0.8029370107848081,
      "epoch": 0.38095238095238093,
      "grad_norm": 0.00124359130859375,
      "learning_rate": 3.143939393939394e-05,
      "logits/chosen": -0.38473048377782104,
      "logits/rejected": -1.5427381086846192,
      "logps/chosen": -2.168847346305847,
      "logps/rejected": -102.70093874931335,
      "loss": 5.345289246179163e-05,
      "mean_token_accuracy": 0.8346875011920929,
      "num_tokens": 145865.0,
      "rewards/accuracies": 1.0,
      "rewards/chosen": 0.7871748300036415,
      "rewards/margins": 10.233989506959915,
      "rewards/rejected": -9.446814703941346,
      "step": 50
    },
    {
      "entropy": 0.7905632086971309,
      "epoch": 0.45714285714285713,
      "grad_norm": 0.00127410888671875,
      "learning_rate": 2.7651515151515152e-05,
      "logits/chosen": -0.35503092959523197,
      "logits/rejected": -1.6298798309018214,
      "logps/chosen": -1.8272046804428101,
      "logps/rejected": -104.51636934280396,
      "loss": 4.274701350368559e-05,
      "mean_token_accuracy": 0.866979168355465,
      "num_tokens": 173309.0,
      "rewards/accuracies": 1.0,
      "rewards/chosen": 0.8425443644344341,
      "rewards/margins": 10.447212666273117,
      "rewards/rejected": -9.604668295383453,
      "step": 60
    },
    {
      "entropy": 0.7752085795120365,
      "epoch": 0.5333333333333333,
      "grad_norm": 0.001495361328125,
      "learning_rate": 2.3863636363636365e-05,
      "logits/chosen": -0.3016944404815634,
      "logits/rejected": -1.5797270411501327,
      "logps/chosen": -2.0990573883056642,
      "logps/rejected": -105.2472276210785,
      "loss": 6.758348317816853e-05,
      "mean_token_accuracy": 0.8828125018626451,
      "num_tokens": 202197.0,
      "rewards/accuracies": 1.0,
      "rewards/chosen": 0.797050473606214,
      "rewards/margins": 10.488606971502303,
      "rewards/rejected": -9.691556531190873,
      "step": 70
    },
    {
      "entropy": 0.7498425668833079,
      "epoch": 0.6095238095238096,
      "grad_norm": 0.00136566162109375,
      "learning_rate": 2.0075757575757575e-05,
      "logits/chosen": -0.32382350909213226,
      "logits/rejected": -1.5673294672742486,
      "logps/chosen": -2.1395627915859223,
      "logps/rejected": -105.77544560432435,
      "loss": 4.1096698259934784e-05,
      "mean_token_accuracy": 0.843020835518837,
      "num_tokens": 230879.0,
      "rewards/accuracies": 1.0,
      "rewards/chosen": 0.7736588074709289,
      "rewards/margins": 10.499076169729232,
      "rewards/rejected": -9.72541734278202,
      "step": 80
    },
    {
      "entropy": 0.8232479843369219,
      "epoch": 0.6857142857142857,
      "grad_norm": 0.0014495849609375,
      "learning_rate": 1.628787878787879e-05,
      "logits/chosen": -0.37293474471817417,
      "logits/rejected": -1.6023660168796776,
      "logps/chosen": -1.8519972562789917,
      "logps/rejected": -105.68693990707398,
      "loss": 4.0312236524187026e-05,
      "mean_token_accuracy": 0.8702083356678486,
      "num_tokens": 260303.0,
      "rewards/accuracies": 1.0,
      "rewards/chosen": 0.8248303189175203,
      "rewards/margins": 10.551450312137604,
      "rewards/rejected": -9.726619976758958,
      "step": 90
    },
    {
      "entropy": 0.8056149057258153,
      "epoch": 0.7619047619047619,
      "grad_norm": 0.00186920166015625,
      "learning_rate": 1.25e-05,
      "logits/chosen": -0.3112410695105791,
      "logits/rejected": -1.5936872354646523,
      "logps/chosen": -1.8560689389705658,
      "logps/rejected": -105.32558073997498,
      "loss": 3.856568655464798e-05,
      "mean_token_accuracy": 0.874791668355465,
      "num_tokens": 288498.0,
      "rewards/accuracies": 1.0,
      "rewards/chosen": 0.8133304388866236,
      "rewards/margins": 10.502840638160706,
      "rewards/rejected": -9.689510202407837,
      "step": 100
    },
    {
      "epoch": 0.7619047619047619,
      "eval_entropy": 0.7865297768198486,
      "eval_logits/chosen": -0.35091264008908046,
      "eval_logits/rejected": -1.6053398797625587,
      "eval_logps/chosen": -1.9588717460632323,
      "eval_logps/rejected": -105.63386021205358,
      "eval_loss": 3.764681605389342e-05,
      "eval_mean_token_accuracy": 0.8624761923721859,
      "eval_num_tokens": 288498.0,
      "eval_rewards/accuracies": 1.0,
      "eval_rewards/chosen": 0.8045149214572406,
      "eval_rewards/margins": 10.535375938415527,
      "eval_rewards/rejected": -9.730861023494176,
      "eval_runtime": 46.8643,
      "eval_samples_per_second": 7.468,
      "eval_steps_per_second": 7.468,
      "step": 100
    }
  ],
  "logging_steps": 10,
  "max_steps": 132,
  "num_input_tokens_seen": 0,
  "num_train_epochs": 1,
  "save_steps": 100,
  "stateful_callbacks": {
    "TrainerControl": {
      "args": {
        "should_epoch_stop": false,
        "should_evaluate": false,
        "should_log": false,
        "should_save": true,
        "should_training_stop": false
      },
      "attributes": {}
    }
  },
  "total_flos": 1.3115791959097344e+16,
  "train_batch_size": 1,
  "trial_name": null,
  "trial_params": null
}
